{
    "kalmanFilterCamera": false,
    "kalmanFilterGyro": true,
    "UKF": true,
    "exponentCC": 4.579606,
    "useSinCC": true,
    "speedExponentCC": 13.704789,
    "speedUseSinCC": true,
    "steerAngleFactor": 0.06183423,
    "odoSteerFactor": 0.5517974,
    "odoGyroFactor": 0.4908632,
    "odoMagFactor": 0.09820859,
    "processNoiseC": 0.023443844,
    "measurementNoiseC": 23.840048,
    "processNoiseG": 0.06842542,
    "measurementNoiseG": 26.82563,
    "processNoiseS": 0.36987612,
    "measurementNoiseS": 1.4201732,
    "σ_forSpeedKernel": 0.18469472,
    "ΨₒmagInfluence": true,
    "κ": 0.73525876,
    "α": 0.0019343216
}
